Visit the Canon Store,Canon EOS R100 Mirrorless Camera with 18-45mm and 55-210mm Lenses Kit,,$598.00,(4.4),7 ratings,"['https://i5.walmartimages.com/seo/Canon-EOS-R100-Mirrorless-Camera-with-18-45mm-and-55-210mm-Lenses-Kit_dce319e3-cffa-4592-852c-e6ff94a432a1.981ac9b56ec82660265e65a5420fac4d.jpeg?odnHeight=117&odnWidth=117&odnBg=FFFFFF', 'https://i5.walmartimages.com/seo/Canon-EOS-R100-Mirrorless-Camera-with-18-45mm-and-55-210mm-Lenses-Kit_dce319e3-cffa-4592-852c-e6ff94a432a1.981ac9b56ec82660265e65a5420fac4d.jpeg?odnHeight=640&odnWidth=640&odnBg=FFFFFF']",[],"['selected, Black, $598.00Black$598.00', 'Black - Body Only, $387.88Black - Body Only$387.88']"
Visit the Canon Store,Canon EOS R100 Mirrorless Camera with 18-45mm and 55-210mm Lenses Kit,,$598.00,(4.4),7 ratings,"['https://i5.walmartimages.com/seo/Canon-EOS-R100-Mirrorless-Camera-with-18-45mm-and-55-210mm-Lenses-Kit_dce319e3-cffa-4592-852c-e6ff94a432a1.981ac9b56ec82660265e65a5420fac4d.jpeg?odnHeight=117&odnWidth=117&odnBg=FFFFFF', 'https://i5.walmartimages.com/seo/Canon-EOS-R100-Mirrorless-Camera-with-18-45mm-and-55-210mm-Lenses-Kit_dce319e3-cffa-4592-852c-e6ff94a432a1.981ac9b56ec82660265e65a5420fac4d.jpeg?odnHeight=640&odnWidth=640&odnBg=FFFFFF']",[],"['selected, Black, $598.00Black$598.00', 'Black - Body Only, $387.88Black - Body Only$387.88']"
Visit the Canon Store,Canon EOS R100 Mirrorless Camera with 18-45mm and 55-210mm Lenses Kit,,$598.00,(4.4),7 ratings,"['https://i5.walmartimages.com/seo/Canon-EOS-R100-Mirrorless-Camera-with-18-45mm-and-55-210mm-Lenses-Kit_dce319e3-cffa-4592-852c-e6ff94a432a1.981ac9b56ec82660265e65a5420fac4d.jpeg?odnHeight=117&odnWidth=117&odnBg=FFFFFF', 'https://i5.walmartimages.com/seo/Canon-EOS-R100-Mirrorless-Camera-with-18-45mm-and-55-210mm-Lenses-Kit_dce319e3-cffa-4592-852c-e6ff94a432a1.981ac9b56ec82660265e65a5420fac4d.jpeg?odnHeight=640&odnWidth=640&odnBg=FFFFFF']",[],"['selected, Black, $598.00Black$598.00', 'Black - Body Only, $387.88Black - Body Only$387.88']"
Wholesale Photo,Canon EOS R100 Mirrorless Camera - 6052C002,,,(4.4),7 ratings,[],[],"['Black, $598.00Black$598.00', 'selected, Black - Body Only, $387.88Black - Body Only$387.88']"
Visit the Canon Store,Canon EOS 2000D / Rebel T7 DSLR Camera 24.1MP CMOS Sensor with EF-S 18-55mm Zoom Lens + SanDisk 32GB Memory Card + ZeeTech Accessory Bundle,,,(4.3),12 ratings,[],[],[]
Visit the NBD Store,"NBD Digital Camera 4K Ultra HD 48MP All-in-One Vlogging Camera with Wide Angle Lens, Digital Zoom 16x and 3"" Screen",$499.00,$116.96,(3.3),"1,103 ratings",[],[],[]
Visit the Canon Store,"Canon EOS R10 24.2 Megapixel APS-C Sensor Mirrorless Camera with Lens, 0.71"", 1.77""",$845.94,$759.95,(4.6),60 ratings,[],[],[]
ACTITOP,"Vlogging Camera 4K Digital Camera for Youtube Autofocus with 32GB SD Card,180°Flip Screen 16X Digital Zoom 48MP Video Cameras Camcorder for Photography",$289.99,$67.99,(4.1),407 ratings,[],[],[]
Visit the NBD Store,"NBD 64MP Digital Camera 4K Vlogging Camera for YouTube with 3"" Flip Screen,16X Digital Zoom",$499.00,$199.00,(3.0),2 ratings,[],[],[]
Visit the Roku Store,Roku Smart Home Indoor Camera 360° SE Wi-Fi®-Connected - Wired 1080p Security Surveillance Camera with Motion Detection and Tracking,$39.99,$24.00,(4.3),597 ratings,[],[],[]
Visit the Vivitar Store,"Vivitar Kidztech Camcorder for Kids, Pink Kitticorn Digital Video Camera",,,(4.7),29 ratings,[],[],"['CorgiCorgi', 'selected, Kitticorn, $24.72Kitticorn$24.72', 'PandaPanda']"
Visit the Vivitar Store,"Vivitar Kidztech Camcorder for Kids, Pink Kitticorn Digital Video Camera",,,(4.7),29 ratings,[],[],"['CorgiCorgi', 'selected, Kitticorn, $24.72Kitticorn$24.72', 'PandaPanda']"
Visit the Vivitar Store,"Vivitar Kidztech Camcorder for Kids, Pink Kitticorn Digital Video Camera",,,(4.7),29 ratings,[],[],"['CorgiCorgi', 'selected, Kitticorn, $24.72Kitticorn$24.72', 'PandaPanda']"
Visit the Vivitar Store,"Vivitar Kidztech Camcorder for Kids, Purple Panda Digital Video Camera",,,(4.7),29 ratings,[],[],"['CorgiCorgi', 'KitticornKitticorn', 'selected, Panda, $24.72Panda$24.72']"
Visit the Vivitar Store,"Vivitar Kidztech Camcorder for Kids, Teal Corgi Digital Video Camera",,,(4.7),29 ratings,[],[],"['selected, Corgi, $24.72Corgi$24.72', 'KitticornKitticorn', 'PandaPanda']"
ANRAN,"2K Solar Security Camera with Spotlight, ANRAN 360° View Wireless Outdoor Camera, Waterproof PIR Detection, Rechargeable Battery Powered Home Surveillance Camera with Color Night Vision 2-Way Audio",$169.99,$49.99,(4.4),"2,516 ratings",[],[],[]
Visit the Jazeyeah Store,"Jazeyeah 48 MP FHD 1080P Kids Digital Camera with 32GB Memory Card, Pink",,,(3.7),17 ratings,[],[],"['Black, $32.99Black$32.99', 'Blue, $32.99Blue$32.99', 'selected, Pink, $32.99Pink$32.99']"
Visit the Jazeyeah Store,"Jazeyeah 48 MP FHD 1080P Kids Digital Camera with 32GB Memory Card, Pink",,,(3.7),17 ratings,[],[],"['Black, $32.99Black$32.99', 'Blue, $32.99Blue$32.99', 'selected, Pink, $32.99Pink$32.99']"
Visit the Jazeyeah Store,"Jazeyeah 48 MP FHD 1080P Kids Digital Camera, 2.8-inch LCD Screen with 32GB Memory Card, Digital Point and Shoot Cameras with 16X Zoom Anti Shake, Perfect Gift for Teenagers(Black)",,,(3.7),17 ratings,[],[],"['selected, Black, $32.99Black$32.99', 'Blue, $32.99Blue$32.99', 'Pink, $32.99Pink$32.99']"
Visit the Jazeyeah Store,"Jazeyeah FHD 1080P Kids Digital Camera, 16X Zoom Anti Shake, 48MP, with 32GB Memory Card & Autofocus, Blue",$79.99,$32.99,(3.7),17 ratings,[],[],"['Black, $32.99Black$32.99', 'selected, Blue, $32.99Blue$32.99', 'Pink, $32.99Pink$32.99']"
Visit the Jazeyeah Store,"Jazeyeah 48 MP FHD 1080P Kids Digital Camera with 32GB Memory Card, Pink",,,(3.7),17 ratings,[],[],"['Black, $32.99Black$32.99', 'Blue, $32.99Blue$32.99', 'selected, Pink, $32.99Pink$32.99']"
PAVEOS,PAVEOS HD Double Front and Rear Digital Camera Support Video Recording Lightweight and Portable Large Capacity Battery Optical Zoom Digital Cameras White,,,,,[],[],"['selected, One Size, $20.06One Size$20.06']"
PAVEOS,PAVEOS HD Double Front and Rear Digital Camera Support Video Recording Lightweight and Portable Large Capacity Battery Optical Zoom Digital Cameras White,,,,,[],[],"['selected, One Size, $20.06One Size$20.06']"
PAVEOS,PAVEOS HD Double Front and Rear Digital Camera Support Video Recording Lightweight and Portable Large Capacity Battery Optical Zoom Digital Cameras Black,,,,,[],[],"['selected, One Size, $16.89One Size$16.89']"
PAVEOS,PAVEOS HD Double Front and Rear Digital Camera Support Video Recording Lightweight and Portable Large Capacity Battery Optical Zoom Digital Cameras Pink-a,,,,,[],[],"['selected, One Size, $16.89One Size$16.89']"
PAVEOS,PAVEOS HD Double Front and Rear Digital Camera Support Video Recording Lightweight and Portable Large Capacity Battery Optical Zoom Digital Cameras White,,,,,[],[],"['selected, One Size, $20.06One Size$20.06']"
Fujifilm,FUJIFILM Instax Square SQ1 Instant Camera 20 Square Film Photo Album Frames and Cloth (Glacier Blue),$149.99,$134.99,,,[],[],"['Chalk White, $134.99Chalk White$134.99', 'selected, Glacier Blue, $134.99Glacier Blue$134.99', 'Terracotta Orange, $134.99Terracotta Orange$134.99']"
Fujifilm,FUJIFILM Instax Square SQ1 Instant Camera 20 Square Film Photo Album Frames and Cloth (Glacier Blue),$149.99,$134.99,,,[],[],"['Chalk White, $134.99Chalk White$134.99', 'selected, Glacier Blue, $134.99Glacier Blue$134.99', 'Terracotta Orange, $134.99Terracotta Orange$134.99']"
Fujifilm,FUJIFILM Instax Square SQ1 Instant Camera 20 Square Film Photo Album Frames and Cloth (Chalk White),$149.99,$134.99,,,[],[],"['selected, Chalk White, $134.99Chalk White$134.99', 'Glacier Blue, $134.99Glacier Blue$134.99', 'Terracotta Orange, $134.99Terracotta Orange$134.99']"
Fujifilm,FUJIFILM Instax Square SQ1 Instant Camera 20 Square Film Photo Album Frames and Cloth (Glacier Blue),$149.99,$134.99,,,[],[],"['Chalk White, $134.99Chalk White$134.99', 'selected, Glacier Blue, $134.99Glacier Blue$134.99', 'Terracotta Orange, $134.99Terracotta Orange$134.99']"
Fujifilm,FUJIFILM Instax Square SQ1 Instant Camera 20 Square Film Photo Album Frames and Cloth (Terracotta Orange),$149.99,$134.99,,,[],[],"['Chalk White, $134.99Chalk White$134.99', 'Glacier Blue, $134.99Glacier Blue$134.99', 'selected, Terracotta Orange, $134.99Terracotta Orange$134.99']"
Polaroid,Polaroid Go Instant Camera Generation 2 - White,,,(4.0),74 ratings,[],[],"['Black, $72.35Black$72.35', 'selected, White, $79.00White$79.00']"
Polaroid,Polaroid Go Instant Camera Generation 2 - White,,,(4.0),74 ratings,[],[],"['Black, $72.35Black$72.35', 'selected, White, $79.00White$79.00']"
Polaroid,Polaroid Go Gen 2 Bundle Black with Clip,,,(4.0),74 ratings,"['https://i5.walmartimages.com/seo/Polaroid-Go-Gen-2-Bundle-Black-with-Clip_c9782ff5-e685-4165-ae28-7a535f1fcc39.9cd2733cddabea3608a6cfe04f3ad8f1.jpeg?odnHeight=117&odnWidth=117&odnBg=FFFFFF', 'https://i5.walmartimages.com/seo/Polaroid-Go-Gen-2-Bundle-Black-with-Clip_c9782ff5-e685-4165-ae28-7a535f1fcc39.9cd2733cddabea3608a6cfe04f3ad8f1.jpeg?odnHeight=640&odnWidth=640&odnBg=FFFFFF']",[],"['selected, Black, $72.35Black$72.35', 'White, $79.00White$79.00']"
Polaroid,Polaroid Go Instant Camera Generation 2 - White,,,(4.0),74 ratings,[],[],"['Black, $72.35Black$72.35', 'selected, White, $79.00White$79.00']"
ZOSI,"3MP WiFi Security Camera System with 12.5"" LCD Monitor, ZOSI All in one Wireless Security Camera System, 2K Outdoor Wifi Cameras, 2 Way Audio, 100ft Night Vision, 2TB for Home Business 24/7 Recording",$499.99,$284.99,(4.2),16 ratings,[],[],[]
Polaroid,"Polaroid Wave Underwater Digital Camera with HD Video Recording, Waterproof Action Camera",$39.98,$29.95,(3.8),259 ratings,[],[],[]
Visit the NBD Store,"NBD Digital Camera 4K 48MP Vlogging Camera, Perfect Camera for Photography with 32GB SD Card",$199.96,$129.96,(4.1),7 ratings,[],[],[]
Wednkoly,4K Digital Camera for Photography Autofocus 48MP Vlogging Camera for Youtube 16X Digital Zoom Cameras with SD Card,$229.99,$74.99,(4.2),37 ratings,[],[],"['selected, Black, $74.99Black$74.99', 'Brown, $74.99Brown$74.99']"
Wednkoly,4K Digital Camera for Photography Autofocus 48MP Vlogging Camera for Youtube 16X Digital Zoom Cameras with SD Card,$229.99,$74.99,(4.2),37 ratings,[],[],"['selected, Black, $74.99Black$74.99', 'Brown, $74.99Brown$74.99']"
Wednkoly,4K Digital Camera for Photography Autofocus 48MP Vlogging Camera for Youtube 16X Digital Zoom Cameras with SD Card,$229.99,$74.99,(4.2),37 ratings,[],[],"['selected, Black, $74.99Black$74.99', 'Brown, $74.99Brown$74.99']"
Wednkoly,4K Digital Camera Autofocus for Photography 48MP 4K Cameras for YouTube 16X Digital Zoom Vlog Camera with 32GB SD Card,$229.99,$74.99,(4.2),37 ratings,[],[],"['Black, $74.99Black$74.99', 'selected, Brown, $74.99Brown$74.99']"
Visit the eufy Store,"eufy Security Solo Indoor-Cam C220 Wired 2K Surveillance Camera, 24/7 Recording, AI Human Detection",,,(4.5),98 ratings,[],[],[]
Kodak,KODAK PIXPRO AZ401 Bridge Digital Camera - 16MP 40X Optical Zoom HD720p video (Red),,,(3.9),293 ratings,[],[],[]
Visit the Canon Store,Canon EOS R50 Mirrorless Camera with RF-S 18-45mm Lens + 2 Pack SanDisk 64GB Memory Card + Case + ZeeTech Accessory,,,(4.2),5 ratings,[],[],[]
Visit the GoPro Store,GoPro HERO12 Black Camera,$399.00,$299.00,(4.2),66 ratings,"['https://i5.walmartimages.com/seo/GoPro-HERO12-Black-Camera_3c7284db-0cc1-4e9c-9480-57ac390aab46.8e94c18112b28dbef0b3f5b465e656eb.jpeg?odnHeight=117&odnWidth=117&odnBg=FFFFFF', 'https://i5.walmartimages.com/seo/GoPro-HERO12-Black-Camera_3c7284db-0cc1-4e9c-9480-57ac390aab46.8e94c18112b28dbef0b3f5b465e656eb.jpeg?odnHeight=640&odnWidth=640&odnBg=FFFFFF']",[],[]
Egymen,"EGYMEN 48MP Retro Digital Camera with Anti-Shake, 8X Zoom, and Face Detection for Photos and Videos",,,,,[],[],"['Black F, $22.19$22.19', 'selected, Silver, $22.19$22.19']"
Egymen,"EGYMEN 48MP Retro Digital Camera with Anti-Shake, 8X Zoom, and Face Detection for Photos and Videos",,,,,[],[],"['Black F, $22.19$22.19', 'selected, Silver, $22.19$22.19']"
Egymen,"EGYMEN 48MP Retro Digital Camera with Anti-Shake, 8X Zoom, and Face Detection for Photos and Videos",,,,,[],[],"['selected, Black F, $22.19$22.19', 'Silver, $22.19$22.19']"
Egymen,"EGYMEN 48MP Retro Digital Camera with Anti-Shake, 8X Zoom, and Face Detection for Photos and Videos",,,,,[],[],"['Black F, $22.19$22.19', 'selected, Silver, $22.19$22.19']"
Fujifilm,Fujifilm Instax Mini 40 Camera Blister Bundle with Bonus Film (10-pack of film),,,(4.7),153 ratings,[],[],[]
Gmogad,Gmogad 1080P High-definition Digital Camera 50 Million Photos 16x Digital Zoom Camera No Shaking Proof Home Camera White,,,,,"['https://i5.walmartimages.com/seo/Gmogad-1080P-High-definition-Digital-Camera-50-Million-Photos-16x-Digital-Zoom-Camera-No-Shaking-Proof-Home-Camera-White_5b4cd06b-4d5d-4461-b119-6ffaef889e35.fb82c628f964294e98f542ecc4363e58.jpeg?odnHeight=117&odnWidth=117&odnBg=FFFFFF', 'https://i5.walmartimages.com/seo/Gmogad-1080P-High-definition-Digital-Camera-50-Million-Photos-16x-Digital-Zoom-Camera-No-Shaking-Proof-Home-Camera-White_5b4cd06b-4d5d-4461-b119-6ffaef889e35.fb82c628f964294e98f542ecc4363e58.jpeg?odnHeight=640&odnWidth=640&odnBg=FFFFFF']",[],"['selected, As Shown, $20.96As Shown$20.96']"
LYUCRAZ,"LYUCRAZ Digital Cameras New High-definition Infrared Night Vision Digital Camera , Can Take Photos And Record Videos, Day And Night Infrared Night Vision Device 800m All Black Visible",$58.99,$52.99,,,[],[],"['selected, Free Size, $52.99Free SizeNow $52.99']"
Ring_Floodlight,"Ring_Floodlight_Cam Wired Plus with motion-activated 1080p HD video, White + Window sticker + VIECAM Cleaning Cloth",,,(4.3),3 ratings,[],[],[]
Visit the GPED Store,"Baby Monitor, 360° Wireless 5G Nanny Cam with Safety Alerts, 4MP HD WiFi Camera for Human & Pet Detection, Home Security Camera with Two-Way Audio, Motion Tracking, IR Night Vision",$89.99,$18.24,(4.4),"2,341 ratings",[],[],"['Baby Monitor with 2 Lens, $26.99$26.99', 'selected, White/with iCam365 APP, $18.24$18.24']"
Visit the GPED Store,"Baby Monitor, 360° Wireless 5G Nanny Cam with Safety Alerts, 4MP HD WiFi Camera for Human & Pet Detection, Home Security Camera with Two-Way Audio, Motion Tracking, IR Night Vision",$89.99,$18.24,(4.4),"2,341 ratings",[],[],"['Baby Monitor with 2 Lens, $26.99$26.99', 'selected, White/with iCam365 APP, $18.24$18.24']"
GPED,"GPED Baby Monitor with Dual Cameras, 3K HD WiFi Security Camera W/ 360° PTZ & Fixed Camera,, Motion Tracking & Full-Color Night Vision for Baby Monitor/Pet Camera, 2-Way Audio for Baby Pet Elderly",$181.99,$26.99,(4.4),"2,341 ratings",[],[],"['selected, Baby Monitor with 2 Lens, $26.99$26.99', 'White/with iCam365 APP, $18.24$18.24']"
Visit the GPED Store,"(2 pack) Baby Monitor, 360° Wireless 5G Nanny Cam with Safety Alerts, 4MP HD WiFi Camera for Human & Pet Detection, Home Security Camera with Two-Way Audio, Motion Tracking, IR Night Vision",,,(4.4),"2,341 ratings",[],[],"['Baby Monitor with 2 Lens', 'selected, White/with iCam365 APP, $34.66$34.66']"
Polaroid,Polaroid Now Bundle with Black Camera and Red Travel Pouch,$99.99,$79.95,(4.3),63 ratings,"['https://i5.walmartimages.com/seo/Polaroid-Now-Bundle-with-Black-Camera-and-Red-Travel-Pouch_3b86793f-4afc-4cd6-a805-e14445258cd9.9716284d97436f5614370f3c145e3178.png?odnHeight=117&odnWidth=117&odnBg=FFFFFF', 'https://i5.walmartimages.com/seo/Polaroid-Now-Bundle-with-Black-Camera-and-Red-Travel-Pouch_3b86793f-4afc-4cd6-a805-e14445258cd9.9716284d97436f5614370f3c145e3178.png?odnHeight=640&odnWidth=640&odnBg=FFFFFF']",[],[]
Google,"Nest Camera (outdoor or indoor, battery) 1pk White",$180.00,$148.95,(4.4),394 ratings,[],[],"['selected, White, $148.95$148.95']"
Tri-State Camera,Canon IXY 650 / Elph 360 Digital Camera (Black),,,(3.0),2 ratings,[],[],[]
Ricoh,"Ricoh GR IIIx Digital Compact Camera - Black, 24MP APS-C CMOS Sensor, 26.1mm F2.8 GR Lens, Supports SD Memory Card",,,,,[],[],[]
Visit the Canon Store,Canon PowerShot SX540 HS Digital Camera (1067C001) with Accessory Bundle package deal 'SanDisk 32gb SD card + Deluxe Cleaning Kit + 12' Tripod + MORE,,,(4.0),6 ratings,[],[],[]
IUYT6,IUYT6 Digital Cameras 2.8-inch 4800W High-definition Large Screen 8X Digital Zoom Capables Of Photos Small Digital Motion Cameras Daily Gifts,,,,,[],[],"['Dark Gray, $40.99$40.99', 'Light Blue, $40.99$40.99', 'selected, Pink, $41.99$41.99', 'Purple, $40.99$40.99']"
IUYT6,IUYT6 Digital Cameras 2.8-inch 4800W High-definition Large Screen 8X Digital Zoom Capables Of Photos Small Digital Motion Cameras Daily Gifts,,,,,[],[],"['Dark Gray, $40.99$40.99', 'Light Blue, $40.99$40.99', 'selected, Pink, $41.99$41.99', 'Purple, $40.99$40.99']"
IUYT6,IUYT6 Digital Cameras 2.8-inch 4800W High-definition Large Screen 8X Digital Zoom Capables Of Photos Small Digital Motion Cameras Daily Gifts,,,,,[],[],"['selected, Dark Gray, $40.99$40.99', 'Light Blue, $40.99$40.99', 'Pink, $41.99$41.99', 'Purple, $40.99$40.99']"
IUYT6,IUYT6 Digital Cameras 2.8-inch 4800W High-definition Large Screen 8X Digital Zoom Capables Of Photos Small Digital Motion Cameras Daily Gifts,,,,,[],[],"['Dark Gray, $40.99$40.99', 'selected, Light Blue, $40.99$40.99', 'Pink, $41.99$41.99', 'Purple, $40.99$40.99']"
IUYT6,IUYT6 Digital Cameras 2.8-inch 4800W High-definition Large Screen 8X Digital Zoom Capables Of Photos Small Digital Motion Cameras Daily Gifts,,,,,[],[],"['Dark Gray, $40.99$40.99', 'Light Blue, $40.99$40.99', 'selected, Pink, $41.99$41.99', 'Purple, $40.99$40.99']"
IUYT6,IUYT6 Digital Cameras 2.8-inch 4800W High-definition Large Screen 8X Digital Zoom Capables Of Photos Small Digital Motion Cameras Daily Gifts,,,,,[],[],"['Dark Gray, $40.99$40.99', 'Light Blue, $40.99$40.99', 'Pink, $41.99$41.99', 'selected, Purple, $40.99$40.99']"
Visit the Canon Store,"Canon PowerShot Digital Camera [G7 X Mark II  with Wi-Fi & NFC, LCD Screen, and 1-inch Sensor - Black","$1,499.00","$1,198.00",(3.7),20 ratings,[],[],"['selected, Black, $1,198.00$1,198.00', 'Black w/ Pro Bundle, $1,584.95$1,584.95$566.05/ea']"
Visit the Canon Store,"Canon PowerShot Digital Camera [G7 X Mark II  with Wi-Fi & NFC, LCD Screen, and 1-inch Sensor - Black","$1,499.00","$1,198.00",(3.7),20 ratings,[],[],"['selected, Black, $1,198.00$1,198.00', 'Black w/ Pro Bundle, $1,584.95$1,584.95$566.05/ea']"
Visit the Canon Store,"Canon PowerShot Digital Camera [G7 X Mark II  with Wi-Fi & NFC, LCD Screen, and 1-inch Sensor - Black","$1,499.00","$1,198.00",(3.7),20 ratings,[],[],"['selected, Black, $1,198.00$1,198.00', 'Black w/ Pro Bundle, $1,584.95$1,584.95$566.05/ea']"
Visit the Canon Store,"Canon PowerShot G7 X Mark II Digital Camera (1066C001), 64GB Memory Card, Card Reader, Deluxe Soft Bag, Flex Tripod, Hand Strap, Memory Wallet, Cleaning Kit (International Model)",,,(3.7),20 ratings,[],[],"['Black, $1,198.00$1,198.00', 'selected, Black w/ Pro Bundle, $1,584.95$1,584.95$566.05/ea']"
Visit the Sony Store,"Sony Alpha ILCE-7M4 33 Megapixel Mirrorless Camera Body Only, Black",,"$1,849.99",(4.2),21 ratings,[],[],"['selected, Black, $1,849.99$1,849.99', 'Black Starter Kit 2, $2,488.00$2,488.00', 'Black Starter Kit 3, $2,758.00$2,758.00', 'Black Starter Kit 4, $2,799.00See more seller options', 'Black Starter Kit 5, $2,479.00$2,479.00']"
Visit the Sony Store,"Sony Alpha ILCE-7M4 33 Megapixel Mirrorless Camera Body Only, Black",,"$1,849.99",(4.2),21 ratings,[],[],"['selected, Black, $1,849.99$1,849.99', 'Black Starter Kit 2, $2,488.00$2,488.00', 'Black Starter Kit 3, $2,758.00$2,758.00', 'Black Starter Kit 4, $2,799.00See more seller options', 'Black Starter Kit 5, $2,479.00$2,479.00']"
Visit the Sony Store,"Sony Alpha ILCE-7M4 33 Megapixel Mirrorless Camera Body Only, Black",,"$1,849.99",(4.2),21 ratings,[],[],"['selected, Black, $1,849.99$1,849.99', 'Black Starter Kit 2, $2,488.00$2,488.00', 'Black Starter Kit 3, $2,758.00$2,758.00', 'Black Starter Kit 4, $2,799.00See more seller options', 'Black Starter Kit 5, $2,479.00$2,479.00']"
Visit the Sony Store,"Sony a7 IV Mirrorless Camera with 28-70mm Lens Bundled Kit + Accessory Package with LED Video Light, HD Filters, 64GB Extreme SD, Case, & Editing Software Package",,,(4.2),21 ratings,[],[],"['Black, $1,849.99$1,849.99', 'selected, Black Starter Kit 2, $2,488.00$2,488.00', 'Black Starter Kit 3, $2,758.00$2,758.00', 'Black Starter Kit 4, $2,799.00See more seller options', 'Black Starter Kit 5, $2,479.00$2,479.00']"
Visit the Sony Store,"Sony a7 IV Mirrorless Camera with 28-70mm & 55-210mm Lens Bundled Kit + Accessory Package with 420-800mm Zoom Telephoto, LED Light, Filters, 64GB Extreme SD, Case, & Editing Software Package",,,(4.2),21 ratings,[],[],"['Black, $1,849.99$1,849.99', 'Black Starter Kit 2, $2,488.00$2,488.00', 'selected, Black Starter Kit 3, $2,758.00$2,758.00', 'Black Starter Kit 4, $2,799.00See more seller options', 'Black Starter Kit 5, $2,479.00$2,479.00']"
Visit the Sony Store,Sony a7 IV Mirrorless Camera with FE 28-70mm f/3.5-5.6 OSS and E 55-210mm f/4.5-6.3 OSS Lens + 128 GB Memory + Case + TTL Pro Flash + Monopod + Card Reader + Battery Charger + More (30pc Bundle),,,(4.2),21 ratings,[],[],"['Black, $1,849.99$1,849.99', 'Black Starter Kit 2, $2,488.00$2,488.00', 'Black Starter Kit 3, $2,758.00$2,758.00', 'selected, Black Starter Kit 4, $2,799.00See more seller options', 'Black Starter Kit 5, $2,479.00$2,479.00']"
Tri-State Camera,New in OEM Box Canon PowerShot ELPH 360 HS Digital Camera (Black) USA WARRANTY,,,(5.0),1 rating,[],[],[]
Fakrich,"Fakrich Pink 4K Digital Camera, 48MP Autofocus Cameras for Photography,Compact Camera with Front and Rear Camera, 16X Zoom Protable Point and Shoot Cameras, Anti-Shake",,,,,[],[],"['Black, $33.79Black$33.79', 'Green, $33.79Green$33.79', 'selected, Pink, $33.79Pink$33.79', 'White, $33.79White$33.79']"
Fakrich,"Fakrich Pink 4K Digital Camera, 48MP Autofocus Cameras for Photography,Compact Camera with Front and Rear Camera, 16X Zoom Protable Point and Shoot Cameras, Anti-Shake",,,,,[],[],"['Black, $33.79Black$33.79', 'Green, $33.79Green$33.79', 'selected, Pink, $33.79Pink$33.79', 'White, $33.79White$33.79']"
RXMEKW,RXMEKW 1080P High-Definition Digital Camera 44 Million Photos 16X Digital Zoom Camera No Shaking Proof Home Camera,$58.94,$49.50,,,"['https://i5.walmartimages.com/seo/RXMEKW-1080P-High-Definition-Digital-Camera-44-Million-Photos-16X-Digital-Zoom-Camera-No-Shaking-Proof-Home-Camera_efd2d806-ef11-4780-902f-20806aa97d21.24540b971ab7d5edb3eb22a54b2790c3.jpeg?odnHeight=117&odnWidth=117&odnBg=FFFFFF', 'https://i5.walmartimages.com/seo/RXMEKW-1080P-High-Definition-Digital-Camera-44-Million-Photos-16X-Digital-Zoom-Camera-No-Shaking-Proof-Home-Camera_efd2d806-ef11-4780-902f-20806aa97d21.24540b971ab7d5edb3eb22a54b2790c3.jpeg?odnHeight=640&odnWidth=640&odnBg=FFFFFF']",[],"['selected, Black, $49.50$49.50', 'Purple, $49.50$49.50', 'Silver, $49.50$49.50']"
RXMEKW,RXMEKW 1080P High-Definition Digital Camera 44 Million Photos 16X Digital Zoom Camera No Shaking Proof Home Camera,$58.94,$49.50,,,"['https://i5.walmartimages.com/seo/RXMEKW-1080P-High-Definition-Digital-Camera-44-Million-Photos-16X-Digital-Zoom-Camera-No-Shaking-Proof-Home-Camera_efd2d806-ef11-4780-902f-20806aa97d21.24540b971ab7d5edb3eb22a54b2790c3.jpeg?odnHeight=117&odnWidth=117&odnBg=FFFFFF', 'https://i5.walmartimages.com/seo/RXMEKW-1080P-High-Definition-Digital-Camera-44-Million-Photos-16X-Digital-Zoom-Camera-No-Shaking-Proof-Home-Camera_efd2d806-ef11-4780-902f-20806aa97d21.24540b971ab7d5edb3eb22a54b2790c3.jpeg?odnHeight=640&odnWidth=640&odnBg=FFFFFF']",[],"['selected, Black, $49.50$49.50', 'Purple, $49.50$49.50', 'Silver, $49.50$49.50']"
RXMEKW,RXMEKW 1080P High-Definition Digital Camera 44 Million Photos 16X Digital Zoom Camera No Shaking Proof Home Camera,$58.94,$49.50,,,"['https://i5.walmartimages.com/seo/RXMEKW-1080P-High-Definition-Digital-Camera-44-Million-Photos-16X-Digital-Zoom-Camera-No-Shaking-Proof-Home-Camera_efd2d806-ef11-4780-902f-20806aa97d21.24540b971ab7d5edb3eb22a54b2790c3.jpeg?odnHeight=117&odnWidth=117&odnBg=FFFFFF', 'https://i5.walmartimages.com/seo/RXMEKW-1080P-High-Definition-Digital-Camera-44-Million-Photos-16X-Digital-Zoom-Camera-No-Shaking-Proof-Home-Camera_efd2d806-ef11-4780-902f-20806aa97d21.24540b971ab7d5edb3eb22a54b2790c3.jpeg?odnHeight=640&odnWidth=640&odnBg=FFFFFF']",[],"['selected, Black, $49.50$49.50', 'Purple, $49.50$49.50', 'Silver, $49.50$49.50']"
RXMEKW,RXMEKW 1080P High-Definition Digital Camera 44 Million Photos 16X Digital Zoom Camera No Shaking Proof Home Camera,$58.94,$49.50,,,"['https://i5.walmartimages.com/seo/RXMEKW-1080P-High-Definition-Digital-Camera-44-Million-Photos-16X-Digital-Zoom-Camera-No-Shaking-Proof-Home-Camera_3a00a926-6f97-4c1e-8885-9fb840a3bdef.71189fac4e070481589184ce6bf6d503.jpeg?odnHeight=117&odnWidth=117&odnBg=FFFFFF', 'https://i5.walmartimages.com/seo/RXMEKW-1080P-High-Definition-Digital-Camera-44-Million-Photos-16X-Digital-Zoom-Camera-No-Shaking-Proof-Home-Camera_3a00a926-6f97-4c1e-8885-9fb840a3bdef.71189fac4e070481589184ce6bf6d503.jpeg?odnHeight=640&odnWidth=640&odnBg=FFFFFF']",[],"['Black, $49.50$49.50', 'selected, Purple, $49.50$49.50', 'Silver, $49.50$49.50']"
RXMEKW,RXMEKW 1080P High-Definition Digital Camera 44 Million Photos 16X Digital Zoom Camera No Shaking Proof Home Camera,$58.94,$49.50,,,"['https://i5.walmartimages.com/seo/RXMEKW-1080P-High-Definition-Digital-Camera-44-Million-Photos-16X-Digital-Zoom-Camera-No-Shaking-Proof-Home-Camera_cd2a9e24-d61e-4d3f-8535-09e44f2e7d8a.9d2c153f38222840e71e720a4b3f80f2.jpeg?odnHeight=117&odnWidth=117&odnBg=FFFFFF', 'https://i5.walmartimages.com/seo/RXMEKW-1080P-High-Definition-Digital-Camera-44-Million-Photos-16X-Digital-Zoom-Camera-No-Shaking-Proof-Home-Camera_cd2a9e24-d61e-4d3f-8535-09e44f2e7d8a.9d2c153f38222840e71e720a4b3f80f2.jpeg?odnHeight=640&odnWidth=640&odnBg=FFFFFF']",[],"['Black, $49.50$49.50', 'Purple, $49.50$49.50', 'selected, Silver, $49.50$49.50']"
Pixel Hub,Canon PowerShot SX740 HS Digital Camera (Silver) - 2956C001,,,(5.0),1 rating,[],[],[]
Fujifilm,Fujifilm Instax Mini Instant Film- Super Value Pack- 100 Exposures,,,(4.7),"1,503 ratings",[],[],"['60, $37.7460$37.7462.9 ¢/ea', 'selected, 100, $59.74100$59.74']"
Fujifilm,Fujifilm Instax Mini Instant Film- Super Value Pack- 100 Exposures,,,(4.7),"1,503 ratings",[],[],"['60, $37.7460$37.7462.9 ¢/ea', 'selected, 100, $59.74100$59.74']"
Pixel Hub,FUJIFILM X100VI Digital Camera (Silver) - 16821822,,,,,[],[],[]
Visit the Canon Store,Canon EOS R8 Mirrorless Camera with 24-50mm and 420-800mm Lens + 128 GB Memory + Hood + Filters + Tripod + More (31pc Bundle),,,(5.0),1 rating,[],[],[]
Visit the eufy Store,"eufy Security SoloCam C210 (2-Pack) Wireless 2K Outdoor Camera, Local Storage and No Hidden Fees",$134.00,$119.00,(4.6),55 ratings,[],[],[]
Visit the Canon Store,Canon PowerShot G7 X Digital DIGIC 7 WiFi NFC 20.1MP Camera + 16GB Essential Kit,,,(5.0),1 rating,[],[],[]
Visit the Night Owl Store,Night Owl 10 Channel 4K Wi-Fi NVR with 1TB Hard Drive and 4 Wi-Fi IP 1080p HD Spotlight Cameras,,,(4.3),152 ratings,"['https://i5.walmartimages.com/seo/Night-Owl-10-Channel-4K-Wi-Fi-NVR-with-1TB-Hard-Drive-and-4-Wi-Fi-IP-1080p-HD-Spotlight-Cameras_804fcdc6-4222-4745-af5f-e6cc2755a70f.e61f0ce4b3378cd76667a01765905838.jpeg?odnHeight=117&odnWidth=117&odnBg=FFFFFF', 'https://i5.walmartimages.com/seo/Night-Owl-10-Channel-4K-Wi-Fi-NVR-with-1TB-Hard-Drive-and-4-Wi-Fi-IP-1080p-HD-Spotlight-Cameras_804fcdc6-4222-4745-af5f-e6cc2755a70f.e61f0ce4b3378cd76667a01765905838.jpeg?odnHeight=640&odnWidth=640&odnBg=FFFFFF']",[],[]
Blackmagic Design,BLACKMAGIC DESIGN 6K Cinema Camera (CINECAM60KLFL),,,(3.0),1 rating,[],[],[]
Polaroid,Polaroid Color i-Type Film -Double Pack,,,(4.4),195 ratings,[],[],"['8, $16.778$16.77', 'selected, 16, $25.8616$25.86', '40, $62.4240$62.42']"
Polaroid,Polaroid Color i-Type Film -Double Pack,,,(4.4),195 ratings,[],[],"['8, $16.778$16.77', 'selected, 16, $25.8616$25.86', '40, $62.4240$62.42']"
