Samsung,"SAMSUNG B-Series 4.1.CH Soundbar & Rear Speakers with Subwoofer, Bluetooth, HW-C47M/ZA 2023",$239.00,$199.00,(4.5),"1,157 ratings",[],[],[]
Samsung,SAMSUNG Q-series 3.1ch. Dolby ATMOS Soundbar with Q-Symphony HW-Q6CC,$379.00,$199.00,(4.6),98 ratings,[],[],[]
Visit the QFX Store,QFX TMS-1560 15” Portable Bluetooth Rechargable Party Speaker with Translucent Motion Party Lights and Remote,$129.88,$69.00,(4.3),197 ratings,[],[],[]
Visit the VILINICE Store,"VILINICE Bluetooth Speaker Portable, IPX7 Waterproof Wireless Outdoor Speaker, TWS Pairing, 12H Playtime, Black",$59.99,$17.99,(4.4),"3,312 ratings",[],[],"['selected, Black, $17.99$17.99', 'Blue, $17.99$17.99', 'Gray, $17.99$17.99$17.99/ca', 'Orange, $17.99$17.99']"
Visit the VILINICE Store,"VILINICE Bluetooth Speaker Portable, IPX7 Waterproof Wireless Outdoor Speaker, TWS Pairing, 12H Playtime, Black",$59.99,$17.99,(4.4),"3,312 ratings",[],[],"['selected, Black, $17.99$17.99', 'Blue, $17.99$17.99', 'Gray, $17.99$17.99$17.99/ca', 'Orange, $17.99$17.99']"
Visit the VILINICE Store,"VILINICE Bluetooth Speaker Portable, IPX7 Waterproof Wireless Outdoor Speaker, TWS Pairing, 12H Playtime, Black",$59.99,$17.99,(4.4),"3,312 ratings",[],[],"['selected, Black, $17.99$17.99', 'Blue, $17.99$17.99', 'Gray, $17.99$17.99$17.99/ca', 'Orange, $17.99$17.99']"
Visit the VILINICE Store,"VILINICE Bluetooth Speaker Portable, IPX7 Waterproof Wireless Outdoor Speaker, TWS Pairing, 12H Playtime, Blue",$59.99,$17.99,(4.4),"3,312 ratings",[],[],"['Black, $17.99$17.99', 'selected, Blue, $17.99$17.99', 'Gray, $17.99$17.99$17.99/ca', 'Orange, $17.99$17.99']"
Visit the VILINICE Store,"VILINICE Bluetooth Speaker Portable, IPX7 Waterproof Wireless Outdoor Speaker, TWS Pairing, 12H Playtime, Grey",$59.99,$17.99,(4.4),"3,312 ratings",[],[],"['Black, $17.99$17.99', 'Blue, $17.99$17.99', 'selected, Gray, $17.99$17.99$17.99/ca', 'Orange, $17.99$17.99']"
Visit the VILINICE Store,"VILINICE Bluetooth Speaker Portable, IPX7 Waterproof Wireless Outdoor Speaker, TWS Pairing, 12H Playtime, Orange",$59.99,$17.99,(4.4),"3,312 ratings",[],[],"['Black, $17.99$17.99', 'Blue, $17.99$17.99', 'Gray, $17.99$17.99$17.99/ca', 'selected, Orange, $17.99$17.99']"
Oraolo,"Oraolo Luster Bluetooth Speaker , Portable Speaker with Colorful Lights, Stereo Sound, Bluetooth 5.3, 24H Playtime, IPX6 Waterproof, AUX-in, Speaker for Outdoor Camping",$109.99,$27.99,(4.5),111 ratings,[],[],"['selected, Black, $27.99$27.99', 'Blue, $39.99, Out of stock$39.99']"
Oraolo,"Oraolo Luster Bluetooth Speaker , Portable Speaker with Colorful Lights, Stereo Sound, Bluetooth 5.3, 24H Playtime, IPX6 Waterproof, AUX-in, Speaker for Outdoor Camping",$109.99,$27.99,(4.5),111 ratings,[],[],"['selected, Black, $27.99$27.99', 'Blue, $39.99, Out of stock$39.99']"
Oraolo,"Oraolo Luster Bluetooth Speaker , Portable Speaker with Colorful Lights, Stereo Sound, Bluetooth 5.3, 24H Playtime, IPX6 Waterproof, AUX-in, Speaker for Outdoor Camping",$109.99,$27.99,(4.5),111 ratings,[],[],"['selected, Black, $27.99$27.99', 'Blue, $39.99, Out of stock$39.99']"
Oraolo,"Oraolo Bluetooth Speakers, Speakers Bluetooth Wireless with 24W Stereo Sound, RGB Lights 24H Playtime, Bluetooth 5.3, AUX-in, Portable Speaker IPX6 Waterproof for Outdoor Camping, Blue",,,(4.5),111 ratings,[],[],"['Black, $27.99$27.99', 'selected, Blue, $39.99, Out of stock$39.99']"
BIGASUO,"BIGASUO Mini Bluetooth Karaoke Machine, Portable Karaoke Speaker with 2 Wirless Microphones and Colorful Light, Singing Machine Support TF Card ,USB,AUX in,with Shoulder Strap,Best Gift Choice！",$39.99,$23.99,(4.6),62 ratings,[],[],[]
onn.,"onn. Large Party Speaker Gen. 2, 22.48""",$149.00,$119.00,(4.5),"1,911 ratings",[],[],[]
Samsung,"SAMSUNG B-Series 4.1.CH Soundbar & Rear Speakers with Subwoofer, Bluetooth, HW-C47M/ZA 2023",$239.00,$199.00,(4.5),"1,157 ratings",[],[],[]
Samsung,SAMSUNG Q-series 3.1ch. Dolby ATMOS Soundbar with Q-Symphony HW-Q6CC,$379.00,$199.00,(4.6),98 ratings,[],[],[]
Visit the JBL Store,JBL Charge 4 - Portable Bluetooth speaker - Black,,,(4.3),"2,951 ratings",[],[],"['selected, Black, $124.99$124.99', 'Gray, $114.95$114.95', 'Red, $114.95$114.95', 'Blue, $114.95, Out of stock$114.95']"
Visit the JBL Store,JBL Charge 4 - Portable Bluetooth speaker - Black,,,(4.3),"2,951 ratings",[],[],"['selected, Black, $124.99$124.99', 'Gray, $114.95$114.95', 'Red, $114.95$114.95', 'Blue, $114.95, Out of stock$114.95']"
Visit the JBL Store,JBL Charge 4 - Portable Bluetooth speaker - Black,,,(4.3),"2,951 ratings",[],[],"['selected, Black, $124.99$124.99', 'Gray, $114.95$114.95', 'Red, $114.95$114.95', 'Blue, $114.95, Out of stock$114.95']"
Visit the JBL Store,JBL Charge 4 - Portable Bluetooth speaker - Blue,,,(4.3),"2,951 ratings",[],[],"['Black, $124.99$124.99', 'Gray, $114.95$114.95', 'Red, $114.95$114.95', 'selected, Blue, $114.95, Out of stock$114.95']"
Visit the JBL Store,JBL Charge 4 - Portable Bluetooth speaker - Grey,,,(4.3),"2,951 ratings",[],[],"['Black, $124.99$124.99', 'selected, Gray, $114.95$114.95', 'Red, $114.95$114.95', 'Blue, $114.95, Out of stock$114.95']"
Visit the JBL Store,JBL Charge 4 - Portable Bluetooth speaker - Red,,,(4.3),"2,951 ratings",[],[],"['Black, $124.99$124.99', 'Gray, $114.95$114.95', 'selected, Red, $114.95$114.95', 'Blue, $114.95, Out of stock$114.95']"
Visit the JAUYXIAN Store,"JAUYXIAN Big Bluetooth Speaker with DJ Lights, 2 Wireless Microphones, Large Party Speaker with Karaoke Speaker PA System for Outdoor",$189.99,$145.99,(4.7),38 ratings,[],[],[]
CheAAlet,"CheAAlet Bluetooth Speaker, Wireless Subwoofer, Outdoor High-volume Mini Speaker, Home Colored Light, Portable Speaker",,,,,[],[],"['selected, Free Size, $23.08Free Size$23.08']"
CheAAlet,"CheAAlet Bluetooth Speaker, Wireless Subwoofer, Outdoor High-volume Mini Speaker, Home Colored Light, Portable Speaker",,,,,[],[],"['selected, Free Size, $23.08Free Size$23.08']"
CheAAlet,"CheAAlet Bluetooth Speaker, Wireless Subwoofer, Outdoor High-volume Mini Speaker, Home Colored Light, Portable Speaker",,,,,[],[],"['selected, Free Size, $13.79Free Size$13.79']"
CheAAlet,"CheAAlet Bluetooth Speaker, Wireless Subwoofer, Outdoor High-volume Mini Speaker, Home Colored Light, Portable Speaker",,,,,[],[],"['selected, Free Size, $23.08Free Size$23.08']"
PAVEOS,PAVEOS Night Speaker Subwoofer Portable-color Changing Colorful Clapping Bluetooth Sound Brightness Three Gear Adjustment Bluetooth Speakers for Home Suitable for Adults White,,,,,[],[],"['selected, 4.92"" x 3.94"" x 3.94"", $9.604.92"" x 3.94"" x 3.94""$9.60']"
Visit the Skullcandy Store,"Skullcandy Terrain XT Medium Compact Tough Wireless Speaker, Black",,,(4.3),232 ratings,[],[],"['selected, Black, $59.00$59.00', 'Green, $59.00$59.00', 'Light Grey, $59.00$59.00', 'Navy, $59.00$59.00', 'Pink, $59.00$59.00']"
Visit the Skullcandy Store,"Skullcandy Terrain XT Medium Compact Tough Wireless Speaker, Black",,,(4.3),232 ratings,[],[],"['selected, Black, $59.00$59.00', 'Green, $59.00$59.00', 'Light Grey, $59.00$59.00', 'Navy, $59.00$59.00', 'Pink, $59.00$59.00']"
Visit the Skullcandy Store,"Skullcandy Terrain XT Medium Compact Tough Wireless Speaker, Black",,,(4.3),232 ratings,[],[],"['selected, Black, $59.00$59.00', 'Green, $59.00$59.00', 'Light Grey, $59.00$59.00', 'Navy, $59.00$59.00', 'Pink, $59.00$59.00']"
Visit the Skullcandy Store,"Skullcandy Terrain XT Medium Compact Tough Wireless Speaker, Green",,,(4.3),232 ratings,[],[],"['Black, $59.00$59.00', 'selected, Green, $59.00$59.00', 'Light Grey, $59.00$59.00', 'Navy, $59.00$59.00', 'Pink, $59.00$59.00']"
Visit the Skullcandy Store,"Skullcandy Terrain XT Medium Compact Tough Wireless Speaker, Light Grey",,,(4.3),232 ratings,[],[],"['Black, $59.00$59.00', 'Green, $59.00$59.00', 'selected, Light Grey, $59.00$59.00', 'Navy, $59.00$59.00', 'Pink, $59.00$59.00']"
Visit the Skullcandy Store,"Skullcandy Terrain XT Medium Compact Tough Wireless Speaker, Navy",,,(4.3),232 ratings,[],[],"['Black, $59.00$59.00', 'Green, $59.00$59.00', 'Light Grey, $59.00$59.00', 'selected, Navy, $59.00$59.00', 'Pink, $59.00$59.00']"
Altec Lansing,"Altec Lansing HydraShock Everythingproof Portable Wireless Bluetooth Speaker, Blk, 20 Hrs Playtime, IP67 Waterproof, LED Lighting",$179.00,$79.00,(4.2),84 ratings,[],[],"['selected, Black, $79.00$79.00', 'Red, $79.00$79.00']"
Altec Lansing,"Altec Lansing HydraShock Everythingproof Portable Wireless Bluetooth Speaker, Blk, 20 Hrs Playtime, IP67 Waterproof, LED Lighting",$179.00,$79.00,(4.2),84 ratings,[],[],"['selected, Black, $79.00$79.00', 'Red, $79.00$79.00']"
Altec Lansing,"Altec Lansing HydraShock Everythingproof Portable Wireless Bluetooth Speaker, Blk, 20 Hrs Playtime, IP67 Waterproof, LED Lighting",$179.00,$79.00,(4.2),84 ratings,[],[],"['selected, Black, $79.00$79.00', 'Red, $79.00$79.00']"
Altec Lansing,"Altec Lansing HydraShock Everythingproof Portable Wireless Bluetooth Speaker, Red, 20 Hrs Playtime, IP67 Waterproof, LED Lights",,,(4.2),84 ratings,[],[],"['Black, $79.00$79.00', 'selected, Red, $79.00$79.00']"
Samsung,"SAMSUNG B-Series 4.1.CH Soundbar & Rear Speakers with Subwoofer, Bluetooth, HW-C47M/ZA 2023",$239.00,$199.00,(4.5),"1,157 ratings",[],[],[]
Samsung,SAMSUNG Q-series 3.1ch. Dolby ATMOS Soundbar with Q-Symphony HW-Q6CC,,,(4.6),98 ratings,[],[],[]
G-Project,"G-Project G-GO Rugged, Water Resistant, Portable, Bluetooth Wireless Boombox Speaker with FM Radio, Rechargeable Battery and USB Phone Charger",,,(4.2),204 ratings,[],[],[]
Visit the QFX Store,"QFX PBX-1215 DUAL 12” BLUETOOTH RECHARGEABLE SPEAKER WITH LED PARTY LIGHTS, INCLUDES REMOTE CONTROL",$249.00,$198.00,(4.2),92 ratings,[],[],"['selected, Black, $198.00$198.00']"
Visit the Skullcandy Store,"Skullcandy Ounce Portable Wireless Speaker Xt, Black",,,(4.7),420 ratings,[],[],"['selected, Black, $27.96$27.96', 'Blue, $24.99$24.99', 'Gray, $34.84$34.84', 'Red, $19.99, Out of stock$19.99']"
Visit the Skullcandy Store,"Skullcandy Ounce Portable Wireless Speaker Xt, Black",,,(4.7),420 ratings,[],[],"['selected, Black, $27.96$27.96', 'Blue, $24.99$24.99', 'Gray, $34.84$34.84', 'Red, $19.99, Out of stock$19.99']"
Visit the Skullcandy Store,"Skullcandy Ounce Portable Wireless Speaker Xt, Black",,,(4.7),420 ratings,[],[],"['selected, Black, $27.96$27.96', 'Blue, $24.99$24.99', 'Gray, $34.84$34.84', 'Red, $19.99, Out of stock$19.99']"
Visit the Skullcandy Store,"Skullcandy Ounce XT Small Portable Wireless Speaker, Dark Blue",,,(4.7),420 ratings,[],[],"['Black, $27.96$27.96', 'selected, Blue, $24.99$24.99', 'Gray, $34.84$34.84', 'Red, $19.99, Out of stock$19.99']"
Visit the Skullcandy Store,"Skullcandy Ounce XT Small Portable Wireless Speaker, Light Gray",,,(4.7),420 ratings,[],[],"['Black, $27.96$27.96', 'Blue, $24.99$24.99', 'selected, Gray, $34.84$34.84', 'Red, $19.99, Out of stock$19.99']"
Visit the Skullcandy Store,"Skullcandy Ounce XT Small Portable Wireless Speaker, Light Red",$24.00,$19.99,(4.7),420 ratings,[],[],"['Black, $27.96$27.96', 'Blue, $24.99$24.99', 'Gray, $34.84$34.84', 'selected, Red, $19.99, Out of stock$19.99']"
Visit the Bose Store,"Bose SoundLink Micro Waterproof Wireless Portable Bluetooth Speaker, Black",,,(4.6),"1,507 ratings",[],[],"['selected, Black, $119.00$119.00', 'Smoke White, $119.00$119.00', 'Stone Blue, $119.00$119.00']"
Visit the Bose Store,"Bose SoundLink Micro Waterproof Wireless Portable Bluetooth Speaker, Black",,,(4.6),"1,507 ratings",[],[],"['selected, Black, $119.00$119.00', 'Smoke White, $119.00$119.00', 'Stone Blue, $119.00$119.00']"
Visit the Bose Store,"Bose SoundLink Micro Waterproof Wireless Portable Bluetooth Speaker, Black",,,(4.6),"1,507 ratings",[],[],"['selected, Black, $119.00$119.00', 'Smoke White, $119.00$119.00', 'Stone Blue, $119.00$119.00']"
Visit the Bose Store,"Bose SoundLink Micro Waterproof Wireless Bluetooth Portable Speaker, White Smoke",,,(4.6),"1,507 ratings",[],[],"['Black, $119.00$119.00', 'selected, Smoke White, $119.00$119.00', 'Stone Blue, $119.00$119.00']"
Visit the Bose Store,"Bose SoundLink Micro Waterproof Wireless Bluetooth Portable Speaker, Stone Blue",,,(4.6),"1,507 ratings",[],[],"['Black, $119.00$119.00', 'Smoke White, $119.00$119.00', 'selected, Stone Blue, $119.00$119.00']"
Philips,"PHILIPS X3206 Karaoke Machine,Portable Party Bluetooth Speaker with Extra Bass, 14-Hour Battery Life,Party Lights and Karaoke Effects,2.0 Sound Channel,Mic and Guitar Input,Audio-in,Medium Size,Black",$168.48,$99.00,(4.5),178 ratings,[],[],[]
LG,"LG XBOOM Go P7 Portable Wireless Bluetooth Outdoor/Party Speaker - Black, Large",$149.00,$109.90,(4.4),66 ratings,[],[],[]
Samsung,"SAMSUNG B-Series 4.1.CH Soundbar & Rear Speakers with Subwoofer, Bluetooth, HW-C47M/ZA 2023",$239.00,$199.00,(4.5),"1,157 ratings",[],[],[]
Samsung,SAMSUNG Q-series 3.1ch. Dolby ATMOS Soundbar with Q-Symphony HW-Q6CC,$379.00,$199.00,(4.6),98 ratings,[],[],[]
Visit the Xiaomi Store,"Xiaomi Mi Portable Bluetooth 5.4 Speaker 5W, IP67 Waterproof Outdoor Bluetooth Speaker with Dynamic Sound, Supports TWS Connection, 10 Hours Playback Time, Black",$49.99,$27.99,(4.7),279 ratings,[],[],[]
Visit the JBL Store,JBL Boombox 3 - Portable speaker - Black,$499.95,$435.99,(4.7),294 ratings,[],[],"['selected, Black, $435.99$435.99']"
Altec Lansing,"Altec Lansing HydraMotion Everything Proof Portable Wireless Speaker, Black, 12 Hours Playtime, IP67 Waterproof, LED Lighting IMW1100-BLK",,,(4.1),207 ratings,[],[],"['selected, Black, $23.29$23.29', 'Green, $30.67$30.67']"
Altec Lansing,"Altec Lansing HydraMotion Everything Proof Portable Wireless Speaker, Black, 12 Hours Playtime, IP67 Waterproof, LED Lighting IMW1100-BLK",,,(4.1),207 ratings,[],[],"['selected, Black, $23.29$23.29', 'Green, $30.67$30.67']"
Altec Lansing,"Altec Lansing HydraMotion Everything Proof Portable Wireless Speaker, Black, 12 Hours Playtime, IP67 Waterproof, LED Lighting IMW1100-BLK",,,(4.1),207 ratings,[],[],"['selected, Black, $23.29$23.29', 'Green, $30.67$30.67']"
Altec Lansing,"Altec Lansing HydraMotion Everythingproof Portable Wireless Bluetooth Speaker, Mint, IMW1100-MTG",$49.99,$30.67,(4.1),207 ratings,[],[],"['Black, $23.29$23.29', 'selected, Green, $30.67$30.67']"
Visit the JBL Store,JBL Charge 5 - Portable Bluetooth Speaker with IP67 Waterproof and USB Charge Out - Pink,,,(4.3),695 ratings,[],[],"['Green, $179.95Green$179.95', 'selected, Pink, $154.95Pink$154.95', 'White, $179.95White$179.95']"
Visit the JBL Store,JBL Charge 5 - Portable Bluetooth Speaker with IP67 Waterproof and USB Charge Out - Pink,,,(4.3),695 ratings,[],[],"['Green, $179.95Green$179.95', 'selected, Pink, $154.95Pink$154.95', 'White, $179.95White$179.95']"
Visit the JBL Store,JBL Charge 5 - Portable Bluetooth Speaker with IP67 Waterproof and USB Charge Out - Green,,,(4.3),695 ratings,[],[],"['selected, Green, $179.95Green$179.95', 'Pink, $154.95Pink$154.95', 'White, $179.95White$179.95']"
Visit the JBL Store,JBL Charge 5 - Portable Bluetooth Speaker with IP67 Waterproof and USB Charge Out - Pink,,,(4.3),695 ratings,[],[],"['Green, $179.95Green$179.95', 'selected, Pink, $154.95Pink$154.95', 'White, $179.95White$179.95']"
Visit the JBL Store,JBL Charge 5 - Portable Bluetooth Speaker with IP67 Waterproof and USB Charge Out - White,,,(4.3),695 ratings,[],[],"['Green, $179.95Green$179.95', 'Pink, $154.95Pink$154.95', 'selected, White, $179.95White$179.95']"
iON,Restored ION Explorer XLHigh-Power All Weather Speaker with Premium 5-Speaker Sound (Refurbished),,,(4.4),160 ratings,[],[],[]
Visit the JBL Store,JBL PartyBox On-The-Go - Portable party speaker with built-in lights and wireless mic - Black,$349.95,$299.95,(4.5),160 ratings,[],[],[]
Samsung,"SAMSUNG B-Series 4.1.CH Soundbar & Rear Speakers with Subwoofer, Bluetooth, HW-C47M/ZA 2023",$239.00,$199.00,(4.5),"1,157 ratings",[],[],[]
Samsung,SAMSUNG Q-series 3.1ch. Dolby ATMOS Soundbar with Q-Symphony HW-Q6CC,$379.00,$199.00,(4.6),98 ratings,[],[],[]
Visit the Logitech Store,"Ultimate Ears Portable Bluetooth Speaker, Black, MEGABOOM EXC",$179.00,$159.00,(4.6),65 ratings,[],[],[]
Visit the Logitech Store,Logitech S150 USB Speakers with Digital Sound,,,,,"['https://i5.walmartimages.com/seo/Logitech-S150-USB-Speakers-with-Digital-Sound_0c22aefd-3220-4036-a380-ccfa8b7f319c.ae1c8b2e92c42ca3327491c88794826b.jpeg?odnHeight=117&odnWidth=117&odnBg=FFFFFF', 'https://i5.walmartimages.com/seo/Logitech-S150-USB-Speakers-with-Digital-Sound_0c22aefd-3220-4036-a380-ccfa8b7f319c.ae1c8b2e92c42ca3327491c88794826b.jpeg?odnHeight=640&odnWidth=640&odnBg=FFFFFF']",[],[]
Visit the JBL Store,JBL Wind 3 - Speaker - for portable use - wireless - Bluetooth - 5 Watt,,,(3.1),20 ratings,[],[],[]
Dual,"Dual Electronics LU63PB 6.5 inch 3-Way High Performance Outdoor Speakers, Sold in Pairs, Black, New",,,(4.3),21 ratings,[],[],[]
Visit the Crosley Store,Crosley S200 Stereo Powered Bluetooth Speakers,,,(3.8),13 ratings,"['https://i5.walmartimages.com/seo/Crosley-S200-Stereo-Powered-Bluetooth-Speakers_30c87a97-85b1-4827-b8cb-0fd4e2ca5774.3abac429e4884cbcac0ba8d2713b0664.jpeg?odnHeight=117&odnWidth=117&odnBg=FFFFFF', 'https://i5.walmartimages.com/seo/Crosley-S200-Stereo-Powered-Bluetooth-Speakers_30c87a97-85b1-4827-b8cb-0fd4e2ca5774.3abac429e4884cbcac0ba8d2713b0664.jpeg?odnHeight=640&odnWidth=640&odnBg=FFFFFF']",[],[]
Visit the JYX Store,"JYX Bluetooth Speaker, Outdoor Speakers Waterproof Wireless with 2 Microphones, Portable Boombox with DJ Lights for Pool Beach Party, D16-T",$109.99,$79.99,(4.6),74 ratings,[],[],[]
Samsung,"SAMSUNG B-Series 4.1.CH Soundbar & Rear Speakers with Subwoofer, Bluetooth, HW-C47M/ZA 2023",$239.00,$199.00,(4.5),"1,157 ratings",[],[],[]
Samsung,SAMSUNG Q-series 3.1ch. Dolby ATMOS Soundbar with Q-Symphony HW-Q6CC,$379.00,$199.00,(4.6),98 ratings,[],[],[]
Visit the Bose Store,"Bose Portable Smart Speaker with Wi-Fi, Bluetooth and Voice Control Built-in, Black",,,(4.2),830 ratings,[],[],"['selected, Black, $399.00$399.00', 'Silver, $399.00$399.00']"
Visit the Bose Store,"Bose Portable Smart Speaker with Wi-Fi, Bluetooth and Voice Control Built-in, Black",,,(4.2),830 ratings,[],[],"['selected, Black, $399.00$399.00', 'Silver, $399.00$399.00']"
Visit the Bose Store,"Bose Portable Smart Speaker with Wi-Fi, Bluetooth and Voice Control Built-in, Black",,,(4.2),830 ratings,[],[],"['selected, Black, $399.00$399.00', 'Silver, $399.00$399.00']"
Visit the Bose Store,"Bose Portable Smart Speaker with Wi-Fi, Bluetooth and Voice Control Built-in, Silver",,,(4.2),830 ratings,[],[],"['Black, $399.00$399.00', 'selected, Silver, $399.00$399.00']"
Visit the Soundcore Store,"Soundcore Anker Motion Boom Plus Outdoor Bluetooth Speaker,80W Booming Sound,Portable with Strap for Camping",,,(4.8),43 ratings,[],[],[]
Boss Audio Systems,Boss Audio  TUBE; Bluetooth Speaker Ipx5,,,(4.1),349 ratings,[],[],[]
Jensen,Jensen JMC-1250 BT Turntable with 3 CD Changer and Dual Cassette Deck,$269.99,$199.99,(3.8),265 ratings,[],[],[]
Visit the Bose Store,Bose SoundLink Revolve Bluetooth Speaker Charging Cradle,,,(3.1),110 ratings,"['https://i5.walmartimages.com/seo/Bose-SoundLink-Revolve-Bluetooth-Speaker-Charging-Cradle_3a99c018-afb2-4524-9e1b-2eedbd1e90c2.cb51e08a61fc6b6b3c49a2ca986dec40.jpeg?odnHeight=117&odnWidth=117&odnBg=FFFFFF', 'https://i5.walmartimages.com/seo/Bose-SoundLink-Revolve-Bluetooth-Speaker-Charging-Cradle_3a99c018-afb2-4524-9e1b-2eedbd1e90c2.cb51e08a61fc6b6b3c49a2ca986dec40.jpeg?odnHeight=640&odnWidth=640&odnBg=FFFFFF']",[],[]
YANKOKO,New Multi-functional Portable Bluetooth Speakers High-powered Subwoofer-speaker Stereo Sound With RGB Effect Support FM CardUSB AUX，Family Home Gifts Fall/Winter Flash Deals,$17.99,$15.99,,,[],[],"['selected, 23*10.2*10.2cm, $15.9923*10.2*10.2cmNow $15.99']"
YANKOKO,New Multi-functional Portable Bluetooth Speakers High-powered Subwoofer-speaker Stereo Sound With RGB Effect Support FM CardUSB AUX，Family Home Gifts Fall/Winter Flash Deals,$17.99,$15.99,,,[],[],"['selected, 23*10.2*10.2cm, $15.9923*10.2*10.2cmNow $15.99']"
YANKOKO,New Multi-functional Portable Bluetooth Speakers High-powered Subwoofer-speaker Stereo Sound With RGB Effect Support FM CardUSB AUX，Family Home Gifts Fall/Winter Flash Deals,$17.99,$15.99,,,[],[],"['selected, 23*10.2*10.2cm, $15.9923*10.2*10.2cmNow $15.99']"
YANKOKO,New Multi-functional Portable Bluetooth Speakers High-powered Subwoofer-speaker Stereo Sound With RGB Effect Support FM CardUSB AUX，Family Home Gifts Fall/Winter Flash Deals,,,,,[],[],"['selected, 23*10.2*10.2cm, $15.9923*10.2*10.2cmNow $15.99']"
YANKOKO,New Multi-functional Portable Bluetooth Speakers High-powered Subwoofer-speaker Stereo Sound With RGB Effect Support FM CardUSB AUX，Family Home Gifts Fall/Winter Flash Deals,$17.99,$15.99,,,[],[],"['selected, 23*10.2*10.2cm, $15.9923*10.2*10.2cmNow $15.99']"
Samsung,"SAMSUNG B-Series 4.1.CH Soundbar & Rear Speakers with Subwoofer, Bluetooth, HW-C47M/ZA 2023",$239.00,$199.00,(4.5),"1,157 ratings",[],[],[]
Samsung,SAMSUNG Q-series 3.1ch. Dolby ATMOS Soundbar with Q-Symphony HW-Q6CC,$379.00,$199.00,(4.6),98 ratings,[],[],[]
Visit the tonies Store,"tonies Disney Holiday Mickey Mouse, Audio Play Figurine for Portable Speaker, Small, Red, Plastic",,,(4.5),44 ratings,[],[],[]
Sonos,Sonos Immersive Music Set with Pair of Era 300 Voice-Controlled Wireless Smart Speakers (White),,,(4.0),5 ratings,[],[],"['Black, $853.00Black$853.00', 'selected, White, $853.00White$853.00']"
Sonos,Sonos Immersive Music Set with Pair of Era 300 Voice-Controlled Wireless Smart Speakers (White),,,(4.0),5 ratings,[],[],"['Black, $853.00Black$853.00', 'selected, White, $853.00White$853.00']"
Sonos,Sonos Immersive Music Set with Pair of Era 300 Voice-Controlled Wireless Smart Speakers (Black),,,(4.0),5 ratings,[],[],"['selected, Black, $853.00Black$853.00', 'White, $853.00White$853.00']"
Sonos,Sonos Immersive Music Set with Pair of Era 300 Voice-Controlled Wireless Smart Speakers (White),,,(4.0),5 ratings,[],[],"['Black, $853.00Black$853.00', 'selected, White, $853.00White$853.00']"
Visit the JBL Store,"JBL Clip 3 Portable Bluetooth Speaker with Carabiner, Black",,,(4.3),"1,136 ratings",[],[],"['selected, Black, $44.95$44.95', 'Black Camo, $37.95$37.95', 'Blue, $37.95$37.95', 'Camo, $37.95$37.95', 'Dusty Pink, $44.95$44.95', 'Gray, $37.95$37.95', 'Green, $37.95$37.95', 'Mustard Yellow, $37.95$37.95', 'Pink, $55.00, Out of stock$55.00']"
Visit the JBL Store,"JBL Clip 3 Portable Bluetooth Speaker with Carabiner, Black",,,(4.3),"1,136 ratings",[],[],"['selected, Black, $44.95$44.95', 'Black Camo, $37.95$37.95', 'Blue, $37.95$37.95', 'Camo, $37.95$37.95', 'Dusty Pink, $44.95$44.95', 'Gray, $37.95$37.95', 'Green, $37.95$37.95', 'Mustard Yellow, $37.95$37.95', 'Pink, $55.00, Out of stock$55.00']"
Visit the JBL Store,"JBL Clip 3 Portable Bluetooth Speaker with Carabiner, Black",,,(4.3),"1,136 ratings",[],[],"['selected, Black, $44.95$44.95', 'Black Camo, $37.95$37.95', 'Blue, $37.95$37.95', 'Camo, $37.95$37.95', 'Dusty Pink, $44.95$44.95', 'Gray, $37.95$37.95', 'Green, $37.95$37.95', 'Mustard Yellow, $37.95$37.95', 'Pink, $55.00, Out of stock$55.00']"
Visit the JBL Store,JBL Clip 3 Black Camo Portable Bluetooth Speaker,,,(4.3),"1,136 ratings",[],[],"['Black, $44.95$44.95', 'selected, Black Camo, $37.95$37.95', 'Blue, $37.95$37.95', 'Camo, $37.95$37.95$37.95/ea', 'Dusty Pink, $44.95$44.95', 'Gray, $37.95$37.95', 'Green, $37.95$37.95', 'Mustard Yellow, $37.95$37.95', 'Pink, $55.00, Out of stock$55.00']"
JBL,JBL Clip 3 Portable Bluetooth Speaker with Carabiner - Blue,$44.95,$37.95,(4.3),"1,136 ratings",[],[],"['Black, $44.95$44.95', 'Black Camo, $37.95$37.95', 'selected, Blue, $37.95$37.95', 'Camo, $37.95$37.95', 'Dusty Pink, $44.95$44.95', 'Gray, $37.95$37.95', 'Green, $37.95$37.95', 'Mustard Yellow, $37.95$37.95', 'Pink, $55.00, Out of stock$55.00']"
443423,JBL Clip 3Camo,,,(4.3),"1,136 ratings",[],[],"['Black, $44.95$44.95', 'Black Camo, $37.95$37.95', 'Blue, $37.95$37.95', 'selected, Camo, $37.95$37.95', 'Dusty Pink, $44.95$44.95', 'Gray, $37.95$37.95', 'Green, $37.95$37.95', 'Mustard Yellow, $37.95$37.95', 'Pink, $55.00, Out of stock$55.00']"
LyxPro,"LyxPro SPA12 12"" Portable PA Speaker System with Metal Tripod Stand Combo Kit Power Active Powerful Amplifier Equalizer Bluetooth SD Slot USB MP3 XLR 1/4"" 1/8"" 3.5mm Inputs Remote Control",,,,,[],[],[]
Unbranded,2Pcs Portable Full Range Speakers 4 Ohm 3W Sound Music Theater Loudspeaker,,,,,"['https://i5.walmartimages.com/seo/2Pcs-Portable-Full-Range-Speakers-4-Ohm-3W-Sound-Music-Theater-Loudspeaker_3fc6bdb7-c132-4235-aa70-7d51d34ad655.445a94920b5e0cff8bd11abde29f3804.jpeg?odnHeight=117&odnWidth=117&odnBg=FFFFFF', 'https://i5.walmartimages.com/seo/2Pcs-Portable-Full-Range-Speakers-4-Ohm-3W-Sound-Music-Theater-Loudspeaker_3fc6bdb7-c132-4235-aa70-7d51d34ad655.445a94920b5e0cff8bd11abde29f3804.jpeg?odnHeight=640&odnWidth=640&odnBg=FFFFFF']",[],[]
Sonos,"Sonos Era 100 Voice-Controlled Wireless Smart Speaker with Bluetooth, Trueplay Acoustic Tuning Technology, & Alexa Built-In (Black)",,,(4.4),20 ratings,[],[],"['selected, Black, $232.99$232.99', 'White, $241.38$241.38']"
Sonos,"Sonos Era 100 Voice-Controlled Wireless Smart Speaker with Bluetooth, Trueplay Acoustic Tuning Technology, & Alexa Built-In (Black)",,,(4.4),20 ratings,[],[],"['selected, Black, $232.99$232.99', 'White, $241.38$241.38']"
Sonos,"Sonos Era 100 Voice-Controlled Wireless Smart Speaker with Bluetooth, Trueplay Acoustic Tuning Technology, & Alexa Built-In (Black)",,,(4.4),20 ratings,[],[],"['selected, Black, $232.99$232.99', 'White, $241.38$241.38']"
Sonos,Sonos Era 100 Voice-Controlled Wireless Smart Speaker (White),,,(4.4),20 ratings,[],[],"['Black, $232.99$232.99', 'selected, White, $241.38$241.38']"
Samsung,"SAMSUNG B-Series 4.1.CH Soundbar & Rear Speakers with Subwoofer, Bluetooth, HW-C47M/ZA 2023",$239.00,$199.00,(4.5),"1,157 ratings",[],[],[]
Samsung,SAMSUNG Q-series 3.1ch. Dolby ATMOS Soundbar with Q-Symphony HW-Q6CC,,,(4.6),98 ratings,[],[],[]
Visit the tonies Store,"Tonies Mirabel from Disney's Encanto, Audio Play Figurine for Portable Speaker, Small, Multicolor, Plastic",,,(4.8),148 ratings,[],[],[]
Visit the tonies Store,"Tonies Minnie Mouse from Disney, Audio Play Figurine for Portable Speaker, Small, Plastic",,,(4.6),72 ratings,[],[],[]
Visit the tonies Store,"Tonies Rex from Paw Patrol, Audio Play Figurine for Portable Speaker, Small, Multicolor, Plastic",,,(4.9),28 ratings,[],[],[]
Visit the tonies Store,"Tonies Disney Pixar Mr. Incredible, Audio Play Figurine for Portable Speaker, Small, Multicolor, Plastic",,,(4.8),24 ratings,[],[],[]
ULTIMEA,"ULTIMEA 2.2ch Sound Bar for TV, Built-in Dual Subwoofer, 2 in 1 Separable Bluetooth 5.3 Soundbar , Bassmax Adjustable TV Surround Sound Bar, HDMI-ARC/Optical/Aux Home Theater Speakers, Wall Mount",$139.99,$49.99,(4.2),"1,099 ratings",[],[],"['selected, Black, $49.99, Out of stock$49.99']"
Visit the VEAT00L Store,"VEAT00L 2.1ch Sound Bars for TV, Soundbar with Subwoofer, Wired & Wireless Bluetooth 5.0 3D Surround Speakers, Optical/HDMI/AUX/RCA/USB Connection, Wall Mountable",$199.99,$35.00,(4.4),"7,961 ratings",[],[],"['selected, Black, $35.00, Out of stock$35.00', 'Matte black, $46.99, Out of stock$46.99']"
Visit the VEAT00L Store,"VEAT00L 2.1ch Sound Bars for TV, Soundbar with Subwoofer, Wired & Wireless Bluetooth 5.0 3D Surround Speakers, Optical/HDMI/AUX/RCA/USB Connection, Wall Mountable",$199.99,$35.00,(4.4),"7,961 ratings",[],[],"['selected, Black, $35.00, Out of stock$35.00', 'Matte black, $46.99, Out of stock$46.99']"
Visit the VEAT00L Store,"VEAT00L 2.1ch Sound Bars for TV, Soundbar with Subwoofer, Wired & Wireless Bluetooth 5.0 3D Surround Speakers, Optical/HDMI/AUX/RCA/USB Connection, Wall Mountable, Remote Control",$199.99,$46.99,(4.4),"7,961 ratings",[],[],"['Black, $35.00, Out of stock$35.00', 'selected, Matte black, $46.99, Out of stock$46.99']"
