Samsung,SAMSUNG 50” Class DU6900 Crystal UHD 4K Smart TV UN50DU6900FXZA,,,(4.5),504 ratings,[],[],[]
Samsung,SAMSUNG 85” Class DU7200B Crystal UHD 4K Smart TV UN85DU7200BXZA 2024,"$1,098.00",$898.00,(4.4),512 ratings,[],[],[]
Samsung,SAMSUNG 70” Class DU7200B Crystal UHD 4K Smart TV UN70DU7200BXZA 2024,$588.00,$528.00,(4.5),675 ratings,[],[],[]
Samsung,SAMSUNG 65” Class DU7200B Crystal UHD 4K Smart TV UN65DU7200BXZA 2024,,,(4.5),"1,111 ratings",[],[],[]
Visit the Hisense Store,"Hisense 50"" Class R6 Series 4K UHD Roku Smart TV (50R6030N, 2024 Model) - Dolby Vision HDR, Motion Rate 120, DTS Studio Sound, Gaming Mode, Bezel-less Design",$238.00,$138.00,(4.8),97 ratings,[],[],[]
TCL,TCL 75” Class S4 (75S41BR) 4K UHD HDR LED Smart TV with Roku TV (NEW 2024),$498.00,$378.00,(5.0),25 ratings,[],[],[]
Samsung,SAMSUNG 65” Class DU6900 Crystal UHD 4K Smart TV UN65DU6900FXZA,,,(4.6),11 ratings,[],[],[]
Samsung,"SAMSUNG 65"" Class Q60DB QLED 4K Smart TV QN65Q60DBFXZA 2024",$798.00,$698.00,(4.6),373 ratings,[],[],[]
Samsung,SAMSUNG 85” Class DU7200B Crystal UHD 4K Smart TV UN85DU7200BXZA 2024,"$1,098.00",$898.00,(4.4),512 ratings,[],[],[]
Samsung,SAMSUNG 50” Class DU6900 Crystal UHD 4K Smart TV UN50DU6900FXZA,,,(4.5),504 ratings,[],[],[]
Samsung,SAMSUNG 85” Class DU7200B Crystal UHD 4K Smart TV UN85DU7200BXZA 2024,"$1,098.00",$898.00,(4.4),512 ratings,[],[],[]
Samsung,SAMSUNG 70” Class DU7200B Crystal UHD 4K Smart TV UN70DU7200BXZA 2024,$588.00,$528.00,(4.5),675 ratings,[],[],[]
Samsung,SAMSUNG 55” Class DU7200B Crystal UHD 4K Smart TV UN55DU7200BXZA 2024,,,(4.5),"1,058 ratings",[],[],[]
Philips,"Philips 65"" Class 4K Ultra HD (2160p) Google Smart LED Television (65PUL7552/F7) (New)",,,(4.4),"2,612 ratings",[],[],[]
VIZIO,"VIZIO 50"" Class V-Series 4K UHD LED Smart TV V505-J09",,,(4.4),33.9K ratings,[],[],[]
VIZIO,"VIZIO 65"" Class V-Series 4K UHD LED SmartCast Smart TV HDR V655-J",,,(4.4),33.9K ratings,[],[],[]
VIZIO,VIZIO 55” Class 4K UHD LED HDR Smart TV (New) V4K55M-08,,,(4.6),"2,661 ratings",[],[],"['selected, 4K, $295.004K$295.00', '4K + SV210D, $402.014K + SV210D$402.01', '4K + SV210X, $424.004K + SV210X$424.00']"
VIZIO,VIZIO 55” Class 4K UHD LED HDR Smart TV (New) V4K55M-08,,,(4.6),"2,661 ratings",[],[],"['selected, 4K, $295.004K$295.00', '4K + SV210D, $402.014K + SV210D$402.01', '4K + SV210X, $424.004K + SV210X$424.00']"
Samsung,SAMSUNG 70” Class DU7200B Crystal UHD 4K Smart TV UN70DU7200BXZA 2024,$588.00,$528.00,(4.5),675 ratings,[],[],[]
Visit the Hisense Store,"Hisense 50"" Class 4K UHD LED LCD Roku Smart TV HDR R6 Series 50R6E3",,,(4.3),"3,352 ratings",[],[],[]
Samsung,SAMSUNG 50” Class DU6900 Crystal UHD 4K Smart TV UN50DU6900FXZA,,,(4.5),504 ratings,[],[],[]
Samsung,SAMSUNG 85” Class DU7200B Crystal UHD 4K Smart TV UN85DU7200BXZA 2024,"$1,098.00",$898.00,(4.4),512 ratings,[],[],[]
Samsung,SAMSUNG 70” Class DU7200B Crystal UHD 4K Smart TV UN70DU7200BXZA 2024,,,(4.5),675 ratings,[],[],[]
Samsung,SAMSUNG 65” Class DU7200B Crystal UHD 4K Smart TV UN65DU7200BXZA 2024,,,(4.5),"1,111 ratings",[],[],[]
VIZIO,"VIZIO 43"" Class Quantum 4K QLED HDR Smart TV (NEW) VQD43M-0801",,,(4.7),736 ratings,[],[],[]
Visit the Roku Store,"Roku 40-Inch Select Series 1080p Full HD Smart Roku TV with Roku Voice Remote, Bright Picture, Customizable Home Screen",,,(4.3),96 ratings,[],[],[]
Philips,"Philips 70"" Class 4K Ultra HD (2160p) Google Smart LED Television (70PUL7553/F7)",,,(4.7),"1,072 ratings",[],[],[]
TCL,"TCL 85” Class S Class 4K UHD HDR LED Smart TV with Google TV, 85S450G",,,(4.0),88 ratings,[],[],[]
Visit the Hisense Store,"Hisense 43"" Class 4K UHD LED LCD Smart Roku TV HDR R6 Series 43R6E3",,,(4.3),"1,545 ratings",[],[],[]
VIZIO,"VIZIO 43"" Class 4K LED HDR Smart TV (New) V4K43M-08",,,(4.6),"2,362 ratings",[],[],[]
Samsung,SAMSUNG 50” Class DU6900 Crystal UHD 4K Smart TV UN50DU6900FXZA,,,(4.5),504 ratings,[],[],[]
Samsung,SAMSUNG 85” Class DU7200B Crystal UHD 4K Smart TV UN85DU7200BXZA 2024,"$1,098.00",$898.00,(4.4),512 ratings,[],[],[]
Samsung,SAMSUNG 70” Class DU7200B Crystal UHD 4K Smart TV UN70DU7200BXZA 2024,$588.00,$528.00,(4.5),675 ratings,[],[],[]
Samsung,SAMSUNG 65” Class DU7200B Crystal UHD 4K Smart TV UN65DU7200BXZA 2024,,,(4.5),"1,111 ratings",[],[],[]
VIZIO,"VIZIO 50"" Class MQX Series 4K QLED HDR 120Hz Smart TV (Online Only) M50QXM-K01",,,(4.6),848 ratings,[],[],"['selected, MQX, $498.00MQX$498.00', 'MQX + SV210X, $627.00MQX + SV210X$627.00']"
VIZIO,"VIZIO 50"" Class MQX Series 4K QLED HDR 120Hz Smart TV (Online Only) M50QXM-K01",,,(4.6),848 ratings,[],[],"['selected, MQX, $498.00MQX$498.00', 'MQX + SV210X, $627.00MQX + SV210X$627.00']"
Visit the Roku Store,"Roku 55-Inch Pro Series 4K QLED Smart Roku TV with Backlit Roku Voice Remote Pro, Dolby Vision IQ, 120Hz Refresh Rate",$899.99,$698.00,(4.1),23 ratings,[],[],[]
onn.,onn. 43” Class 4K UHD (2160P) LED Roku Smart Television HDR (100012584),,,(4.3),"3,843 ratings",[],[],[]
Samsung,"SAMSUNG 43"" Class TU690T Crystal UHD 4K Smart TV powered by Tizen UN43TU690TFXZA",,,(4.4),"1,153 ratings",[],[],[]
TCL,"TCL 32” Class S Class 1080p FHD HDR LED Smart TV with Google TV, 32S350G",,,(4.2),156 ratings,[],[],[]
Visit the Hisense Store,"Hisense 75-Inch Class U6 Series Mini-LED QLED Google Smart TV (75U6K) - QLED, 600-Nit, Dolby Vision IQ & Dolby Atmos, Full Array Local Dimming",$848.00,$648.00,(4.0),82 ratings,[],[],[]
Samsung,SAMSUNG 50” Class DU6900 Crystal UHD 4K Smart TV UN50DU6900FXZA,,,(4.5),504 ratings,[],[],[]
Samsung,SAMSUNG 85” Class DU7200B Crystal UHD 4K Smart TV UN85DU7200BXZA 2024,"$1,098.00",$898.00,(4.4),512 ratings,[],[],[]
Samsung,SAMSUNG 70” Class DU7200B Crystal UHD 4K Smart TV UN70DU7200BXZA 2024,$588.00,$528.00,(4.5),675 ratings,[],[],[]
Samsung,SAMSUNG 65” Class DU7200B Crystal UHD 4K Smart TV UN65DU7200BXZA 2024,,,(4.5),"1,111 ratings",[],[],[]
Visit the Roku Store,"Roku 75-Inch Plus Series 4K QLED Smart Roku TV with Roku Voice Remote Pro, Dolby Vision, Striking 4K Resolution, Automatic Brightness, & Seamless Streaming",,,(4.1),59 ratings,[],[],[]
Samsung,SAMSUNG 85” Class Q60D QLED 4K Smart TV QN85Q60DAFXZA 2024,,,(4.7),310 ratings,[],[],[]
Samsung,SAMSUNG 43” Class DU8000B Crystal UHD 4K Smart TV UN43DU8000BXZA 2024,,,(4.6),191 ratings,[],[],[]
Samsung,SAMSUNG 55” Class DU8000B Crystal UHD 4K Smart TV UN55DU8000BXZA 2024,,,(4.5),237 ratings,[],[],[]
VIZIO,"VIZIO 65"" Class MQ6 Series 4K QLED HDR Smart TV M65Q6M-K04",,,(4.6),"1,148 ratings",[],[],"['selected, 65 in, $499.9965 in$499.99']"
Visit the SYLVOX Store,"SYLVOX 15.6"" Kitchen TV, 1080P FHD Under Cabinet TV, Flap Down Smart Android TV Built-in Google Play, Support Google Assistant WiFi Bluetooth Connection (Silver)",$399.00,$279.00,(4.9),7 ratings,[],[],[]
Samsung,SAMSUNG 50” Class DU6900 Crystal UHD 4K Smart TV UN50DU6900FXZA,,,(4.5),504 ratings,[],[],[]
Samsung,SAMSUNG 85” Class DU7200B Crystal UHD 4K Smart TV UN85DU7200BXZA 2024,"$1,098.00",$898.00,(4.4),512 ratings,[],[],[]
Samsung,SAMSUNG 70” Class DU7200B Crystal UHD 4K Smart TV UN70DU7200BXZA 2024,$588.00,$528.00,(4.5),675 ratings,[],[],[]
Samsung,SAMSUNG 55” Class DU7200B Crystal UHD 4K Smart TV UN55DU7200BXZA 2024,,,(4.5),"1,058 ratings",[],[],[]
ARMER,"Portable TV Portable Touch Screen Monitor 32 in 1080P HD, Standbyme Wireless 360° Rollable TV, Built-in Battery 60Hz Refresh Rate Portable TV","$1,299.00",$859.00,,,[],[],[]
Visit the SYLVOX Store,"SYLVOX Outdoor Smart TV, 55"" Google TV with Dobly Atmos, Google Assistant, 4K 1000nits Outside Television, IP55 Waterproof TV for Partial Sun (Deck Pro 2.0 NEW)","$2,149.00","$1,349.00",(4.8),64 ratings,[],[],[]
Supersonic,"Supersonic SC-1511 15.6-Inch ELED HDTV with Dual Tuners, HDMI Input, Stunning 1080p Resolution, Immersive 16:9 Aspect Ratio, USB Playback, Wall Mountable Design, and AC/DC AC/DC Compatibility",,,(3.2),57 ratings,[],[],[]
Samsung,"SAMSUNG 75"" Class CU8000B Crystal UHD 4K Smart Television UN75CU8000BXZA",,,(4.5),885 ratings,[],[],[]
TCL,TCL 65in. Class 4-Series 4K UHD HDR Smart Roku TV,,,(4.0),89 ratings,[],[],[]
Visit the Hisense Store,"Hisense 65-Inch Class U6 Series Mini-LED QLED Google Smart TV (65U6K) - QLED, 600-Nit, Dolby Vision IQ & Dolby Atmos, Full Array Local Dimming",,,(4.2),173 ratings,[],[],[]
Samsung,SAMSUNG 50” Class DU6900 Crystal UHD 4K Smart TV UN50DU6900FXZA,,,(4.5),504 ratings,[],[],[]
Samsung,SAMSUNG 85” Class DU7200B Crystal UHD 4K Smart TV UN85DU7200BXZA 2024,"$1,098.00",$898.00,(4.4),512 ratings,[],[],[]
Samsung,SAMSUNG 70” Class DU7200B Crystal UHD 4K Smart TV UN70DU7200BXZA 2024,$588.00,$528.00,(4.5),675 ratings,[],[],[]
Samsung,SAMSUNG 65” Class DU7200B Crystal UHD 4K Smart TV UN65DU7200BXZA 2024,,,(4.5),"1,111 ratings",[],[],[]
Samsung,"SAMSUNG 65"" Class Q60CB QLED 4K Smart TV QN65Q60CBFXZA 2023",,,(4.6),576 ratings,[],[],[]
TCL,"TCL 98” Class S5 S class 4K UHD HDR LED Smart TV with Google TV, 98S550G",,,(3.6),45 ratings,[],[],[]
Samsung,"SAMSUNG 75"" Class CU7000B Crystal UHD 4K Smart Television UN75CU7000BXZA",,,(4.5),"3,108 ratings",[],[],[]
TCL,"TCL 85” Class Q Class 4K QLED HDR Smart TV with Google TV, 85Q650G",,,(3.8),116 ratings,[],[],[]
Visit the Hisense Store,Hisense 65-Inch Class A6 Series Dolby Vision HDR 4K UHD Google Smart TV (65A6H),,,(4.2),363 ratings,[],[],[]
Philips,"Philips 65"" Class 4k Ultra HD Roku Smart TV (65PUL6553/F7) (New)",,,(4.4),"2,621 ratings",[],[],[]
